,,,,,,,,,,,,,,,,,,,,,,,,,,,,,,,,,,,,,,,,,,,,,,,,,,,,,,,,,,,,,,,,,,,,,,,,,,,,,,,,,,,,,,,,,,,,,,,,,,,,,,,,,,,,,,,,,,,,,,,,,,,,,,,,,,,,,,,,,
,,1,2,3,4,5,6,7,8,9,10,11,12,13,14,15,16,17,18,19,20,21,22,23,24,25,26,27,28,29,30,31,32,33,34,35,36,37,38,39,40,41,42,43,44,45,45,46,47,48,49,50,51,52,53,54,55,56,57,58,59,60,61,62,63,64,65,66,67,68,69,70,71,72,73,74,75,76,77,78,79,80,81,82,83,84,85,86,87,88,89,90,91,92,93,94,95,96,97,98,99,100,101,102,103,104,105,106,107,108,109,110,111,112,113,114,115,116,117,118,119,120,121,122,123,124,125,126,127,128,129,130,131,132,133,134,135
S.No.,Stations,Dilshad Garden,Jhil mil,Mansrover park,Shahdara,Welcome,Seelam Pur,Shastri Park,Kashmere Gate,Tis Hazari,Pul Bangash,Pratap Nagar,Shastri Nagar,Inder Lok,Ashok Park Main,Punjabi Bagh,Shivaji Park ,Madi Pur,Paschim Vihar (East),Paschim Vihar (West),Peera Garhi,Udyog Nagar,Surajmal Stadium,Nangloai,Nangloai Rly. Station,Rajdhani Park,Mundka,Kanhaiya Nagar,Keshav Puram ,Netaji Subash Place,Kohat Enclave,Pitam Pura,RohiniEast,Rohini West,Rithala,Jahangirpuri,Adarsh Nagar,Azadpur,Model Town,GTB Nagar,Viswavidyalaya,Vidhan Sabha,Civil Lines,Kashmere Gate,Delhi Main,Chawri Bazar,Chandni Chowk,New Delhi,Rajiv Chowk,Patel Chowk,Central Secretariat,Udyog Bhawan,Race course,Jorbagh,INA,AIIMS,Green Park,Hauz Khas,Malviya Nagar,Saket,Qutab Minar,Chhattarpur,Sultanpur,Ghotorni,Arjan Garh,Gurudronacharya,Sikandarpur.,MG Road,IFFCO Chowk,Huda City Centre,Vaishali,Kaushambi,Anand Vihar,Karkar Duma,Preet Vihar,Nirman Vihar ,Laxmi Nagar,City Centre,Golf Course,Botanical Garden,Noida Sect 18,Noida Sect 16,Noida Sect 15,New Ashok Nagar,Mayur Vihar-I Ext,Mayur Vihar-I,Akshardham,Yamuna Bank,Indraprasta,Pragati Maidan,Mandi House,Barakhamba,Rajiv Chowk,RK Ashram Marg,Jhandewalan,Karol Bagh,Rajendra Place,Patel Nagar,Shadi Pur,Kirti Nagar,Moti Nagar ,Ramesh Nagar,Rajouri Garden,Tagore Garden,Subash Nagar,Tilak Nagar,Janak Puri East,Janak Puri West,Uttam Nagar East,Uttam Nagar West,Nawada,Dwaraka Mor,Dwarka,Dwarka Sector - 14,Dwarka Sector - 13,Dwarka Sector - 12,Dwarka Sector - 11,Dwarka Sector - 10,Dwarka Sector - 9,Dwarka Sector - 8,Dwarka Sector - 21,Central Secretariat,Khan Market,JLN,Jangpura,Lajpat nagar,Moolchand,Kailash Colony,Nehru Place,Kalkaji Mandir,Govindpuri,Okhla,Jasola,Sarita Vihar,Mohan Cooperative,Tughlakabad,Badarpur
1,Dilshad Garden,8,8,10,10,12,12,15,16,16,16,18,18,19,19,19,21,21,22,22,22,23,23,23,23,25,25,19,19,21,21,21,22,22,23,21,19,19,19,18,18,16,16,16,16,16,16,18,18,18,19,19,19,21,21,22,22,22,23,23,25,25,27,27,28,28,28,29,29,29,25,23,23,22,22,22,21,27,25,25,25,23,23,23,22,22,21,21,19,19,19,18,18,18,19,19,21,21,21,22,22,22,23,23,23,25,25,25,25,27,27,27,28,28,28,28,29,29,29,29,30,19,21,21,21,22,22,23,23,23,25,25,25,25,27,27,28
2,Jhil mil,8,8,8,10,10,12,15,15,16,16,16,18,18,19,19,21,21,21,22,22,22,22,23,23,23,25,19,19,19,21,21,21,22,22,21,19,19,18,18,16,16,16,15,16,16,16,16,18,18,18,19,19,21,21,21,22,22,23,23,25,25,25,27,27,28,28,29,29,29,23,23,22,22,22,21,21,25,25,25,23,23,23,22,22,22,21,21,19,19,18,18,18,18,19,19,19,21,21,21,22,22,22,23,23,23,25,25,25,25,27,27,27,28,28,28,28,29,29,29,29,18,19,21,21,22,22,22,23,23,23,25,25,25,27,27,27
3,Mansrover park,10,8,8,8,10,10,12,15,15,16,16,18,18,18,19,19,21,21,21,22,22,22,22,23,23,25,18,19,19,19,21,21,22,22,19,19,18,18,16,16,16,15,15,15,16,16,16,16,18,18,18,19,19,21,21,21,22,22,23,23,25,25,25,27,28,28,28,29,29,23,22,22,22,21,21,21,25,25,23,23,23,22,22,22,21,21,19,19,18,18,18,16,18,18,19,19,19,21,21,21,22,22,22,23,23,23,25,25,25,25,27,27,27,28,28,28,28,29,29,29,18,19,19,21,21,21,22,22,23,23,23,25,25,25,27,27
4,Shahdara,10,10,8,8,8,10,10,15,15,15,16,16,18,18,18,19,19,19,21,21,22,22,22,22,23,23,18,18,19,19,19,21,21,21,19,18,18,16,16,16,15,15,15,15,15,15,16,16,16,18,18,18,19,19,21,21,21,22,22,23,23,25,25,27,27,28,28,28,29,22,22,22,21,21,21,19,25,25,23,23,22,22,22,21,21,19,19,18,18,18,16,16,16,18,18,19,19,19,21,21,21,22,22,22,23,23,23,25,25,25,25,27,27,27,28,28,28,28,29,29,18,19,19,19,21,21,22,22,22,22,23,23,25,25,25,27
5,Welcome,12,10,10,8,8,8,10,12,15,15,15,16,16,18,18,18,19,19,19,21,21,21,22,22,22,23,18,18,18,19,19,19,21,21,18,18,18,16,16,15,15,15,12,15,15,15,15,16,16,16,18,18,18,19,19,19,21,22,22,23,23,25,25,27,27,27,28,28,28,22,22,21,21,19,19,19,25,23,23,22,22,22,21,21,19,19,18,18,16,16,16,16,16,16,18,18,18,19,19,19,21,21,22,22,22,23,23,23,25,25,25,25,27,27,27,28,28,28,28,29,16,18,19,19,19,21,21,22,22,22,23,23,23,25,25,25
6,Seelam Pur,12,12,10,10,8,8,8,12,12,15,15,15,16,16,18,18,18,19,19,19,21,21,21,22,22,22,16,16,18,18,19,19,19,21,18,18,16,16,15,15,15,12,12,12,15,15,15,15,16,16,16,18,18,18,19,19,21,21,22,22,23,23,25,25,27,27,27,28,28,22,21,21,21,19,19,18,23,23,22,22,22,21,21,21,19,19,18,16,16,16,15,15,16,16,16,18,18,19,19,19,21,21,21,21,22,22,22,23,23,25,25,25,27,27,27,27,28,28,28,29,16,18,18,19,19,19,21,21,21,22,22,23,23,23,25,25
7,Shastri Park,15,15,12,10,10,8,8,10,10,12,12,15,15,16,16,18,18,18,19,19,19,19,21,21,21,22,16,16,16,18,18,18,19,19,18,16,16,15,15,12,12,10,10,10,12,12,12,15,15,15,16,16,16,18,18,19,19,21,21,22,22,23,23,25,25,27,27,27,28,21,21,19,19,19,18,18,23,22,22,21,21,21,19,19,19,18,16,16,16,15,15,15,15,15,16,16,18,18,18,19,19,19,21,21,21,22,22,22,23,23,23,25,25,25,27,27,27,27,28,28,15,16,18,18,19,19,19,21,21,21,22,22,22,23,23,25
8,Kashmere Gate,16,15,15,15,12,12,10,8,8,10,10,12,12,15,15,16,16,16,18,18,18,19,19,19,21,21,15,15,16,16,16,18,18,18,16,15,15,12,12,10,10,8,8,8,10,10,10,12,12,15,15,15,16,16,16,18,18,19,19,21,21,22,22,23,25,25,25,27,27,19,19,19,18,18,16,16,22,21,21,21,19,19,19,18,18,16,16,15,15,12,12,12,12,15,15,15,16,16,16,18,18,18,19,19,19,21,21,22,22,22,23,23,25,25,25,25,27,27,27,28,15,15,16,16,18,18,18,19,19,19,21,21,22,22,23,23
9,Tis Hazari,16,16,15,15,15,12,10,8,8,8,8,10,12,15,15,15,16,16,16,18,18,18,19,19,19,21,12,15,15,16,16,16,18,18,16,16,15,15,12,12,10,10,8,10,10,10,12,12,15,15,15,16,16,18,18,18,19,19,21,21,22,22,23,25,25,25,27,27,27,21,19,19,19,18,18,16,22,22,21,21,21,19,19,19,18,18,16,15,15,15,15,12,15,15,15,16,16,18,18,18,19,19,19,21,21,21,22,22,22,23,23,23,25,25,25,27,27,27,27,28,15,16,16,18,18,18,19,19,19,21,21,22,22,22,23,23
10,Pul Bangash,16,16,16,15,15,15,12,10,8,8,8,10,10,12,15,15,15,16,16,16,18,18,18,19,19,19,12,12,15,15,16,16,16,18,16,16,16,15,15,12,12,10,10,10,12,12,12,15,15,15,16,16,16,18,18,18,19,21,21,22,22,23,23,25,25,27,27,27,28,21,21,19,19,19,18,18,23,22,22,21,21,21,19,19,18,18,16,16,15,15,15,15,15,15,16,16,16,18,18,18,19,19,21,21,21,22,22,22,23,23,23,25,25,25,27,27,27,27,28,28,15,16,18,18,18,19,19,21,21,21,22,22,22,23,23,25
11,Pratap Nagar,18,16,16,16,15,15,12,10,8,8,8,8,10,12,12,15,15,15,16,16,16,18,18,18,19,19,12,12,15,15,15,16,16,16,18,16,16,15,15,15,12,12,10,12,12,12,12,15,15,16,16,16,18,18,18,19,19,21,21,22,22,23,23,25,27,27,27,28,28,21,21,21,19,19,18,18,23,22,22,22,21,21,21,19,19,18,18,16,16,15,15,15,15,16,16,16,18,18,18,19,19,19,21,21,21,22,22,23,23,23,25,25,25,27,27,27,27,28,28,28,16,16,18,18,19,19,19,21,21,21,22,22,23,23,25,25
12,Shastri Nagar,18,18,18,16,16,15,15,12,10,10,8,8,8,10,10,12,15,15,15,15,16,16,16,18,18,19,10,10,12,12,15,15,15,16,18,18,16,16,16,15,15,12,12,12,15,15,15,15,16,16,16,18,18,19,19,19,21,21,22,22,23,23,25,25,27,27,28,28,28,22,21,21,21,19,19,19,23,23,23,22,22,21,21,21,19,19,18,18,16,16,16,15,16,16,18,18,18,19,19,19,21,21,21,22,22,22,23,23,23,25,25,25,27,27,27,27,28,28,28,29,16,18,19,19,19,21,21,21,22,22,22,23,23,25,25,25
13,Inder Lok,19,18,18,18,16,16,15,12,12,10,10,8,8,8,10,10,12,12,15,15,15,16,16,16,18,18,8,8,10,12,12,15,15,15,19,18,18,16,16,16,15,15,12,15,15,15,15,16,16,18,18,18,19,19,19,21,21,22,22,23,23,25,25,27,27,28,28,28,29,22,22,22,21,21,19,19,25,23,23,23,22,22,21,21,21,19,19,18,18,16,16,16,16,18,18,18,19,19,19,21,21,21,22,22,22,23,23,25,25,25,25,27,27,27,28,28,28,28,29,29,18,18,19,19,21,21,21,22,22,22,23,23,25,25,25,27
14,Ashok Park Main,19,19,18,18,18,16,16,15,15,12,12,10,8,8,8,10,10,12,12,15,15,15,15,16,16,18,10,10,12,15,15,15,16,16,19,19,18,18,16,16,16,15,15,15,16,16,16,16,18,18,18,19,19,21,21,21,22,22,23,23,25,25,25,27,28,28,28,29,29,23,22,22,22,21,21,21,25,25,23,23,23,22,22,22,21,21,19,19,18,18,18,16,18,18,19,19,19,21,21,21,22,22,22,23,23,23,25,25,25,25,27,27,27,28,28,28,28,29,29,29,18,19,19,21,21,22,22,22,23,23,23,25,25,25,27,27
15,Punjabi Bagh,19,19,19,18,18,18,16,15,15,15,12,10,10,8,8,8,10,10,12,12,15,15,15,15,16,16,10,12,12,15,15,15,16,16,21,19,19,18,18,16,16,16,15,16,16,16,16,18,18,18,19,19,19,21,21,22,22,23,23,25,25,25,27,27,28,28,29,29,29,23,23,22,22,22,21,21,25,25,25,23,23,23,22,22,22,21,19,19,19,18,18,18,18,18,19,19,21,21,21,22,22,22,23,23,23,25,25,25,25,27,27,27,28,28,28,28,29,29,29,29,18,19,21,21,22,22,22,23,23,23,25,25,25,25,27,27
16,Shivaji Park ,21,21,19,19,18,18,18,16,15,15,15,12,10,10,8,8,8,8,10,10,12,12,15,15,15,16,12,12,15,15,16,16,16,18,21,21,19,19,18,18,18,16,16,16,18,18,18,18,19,19,19,21,21,21,22,22,23,23,23,25,25,27,27,28,28,29,29,29,29,25,23,23,23,22,22,21,27,25,25,25,25,23,23,22,22,21,21,19,19,19,18,18,19,19,19,21,21,21,22,22,22,23,23,23,25,25,25,27,27,27,27,28,28,28,29,29,29,29,29,30,19,21,21,22,22,22,23,23,23,25,25,25,27,27,27,28
17,Madi Pur,21,21,21,19,19,18,18,16,16,15,15,15,12,10,10,8,8,8,8,10,10,12,12,15,15,15,15,15,15,16,16,16,18,18,21,21,19,19,19,18,18,18,16,18,18,18,18,19,19,19,19,21,21,22,22,22,23,25,25,25,27,27,27,28,29,29,29,29,30,25,25,23,23,22,22,22,27,27,25,25,25,25,23,23,22,22,21,21,19,19,19,19,19,19,21,21,21,22,22,22,23,23,25,25,25,25,25,27,27,27,28,28,28,29,29,29,29,29,30,30,19,21,22,22,22,23,23,23,25,25,25,27,27,27,28,28
18,Paschim Vihar (East),22,21,21,19,19,19,18,16,16,16,15,15,12,12,10,8,8,8,8,8,10,10,12,12,15,15,15,15,16,16,16,18,18,18,22,21,21,19,19,19,18,18,16,18,18,18,18,19,19,19,21,21,22,22,22,23,23,25,25,25,27,27,27,28,29,29,29,29,30,25,25,23,23,23,22,22,27,27,27,25,25,25,23,23,23,22,22,21,21,19,19,19,19,21,21,21,22,22,22,23,23,23,25,25,25,25,27,27,27,27,28,28,28,29,29,29,29,29,30,30,19,21,22,22,23,23,23,25,25,25,25,27,27,27,28,28
19,Paschim Vihar (West),22,22,21,21,19,19,19,18,16,16,16,15,15,12,12,10,8,8,8,8,10,10,10,12,12,15,15,15,16,16,18,18,18,19,22,22,21,21,19,19,18,18,18,18,19,19,19,19,21,21,21,21,22,22,23,23,25,25,25,27,27,27,28,28,29,29,29,30,30,25,25,25,23,23,23,22,27,27,27,27,25,25,25,23,23,22,22,21,21,21,19,19,21,21,21,22,22,22,23,23,23,25,25,25,25,27,27,27,27,28,28,28,29,29,29,29,29,30,30,30,21,22,22,22,23,23,25,25,25,25,27,27,27,28,28,28
20,Peera Garhi,22,22,22,21,21,19,19,18,18,16,16,15,15,15,12,10,10,8,8,8,8,8,10,10,12,15,15,16,16,18,18,18,19,19,22,22,21,21,19,19,19,18,18,18,19,19,19,19,21,21,21,22,22,23,23,23,25,25,25,27,27,28,28,29,29,29,30,30,30,27,25,25,25,23,23,23,28,27,27,27,25,25,25,25,23,23,22,22,21,21,21,19,21,21,22,22,22,23,23,23,25,25,25,25,27,27,27,27,28,28,28,29,29,29,29,29,30,30,30,30,21,22,23,23,23,25,25,25,25,27,27,27,27,28,28,29
21,Udyog Nagar,23,22,22,22,21,21,19,18,18,18,16,16,15,15,15,12,10,10,10,8,8,8,8,10,10,12,16,16,18,18,18,19,19,19,23,22,22,21,21,21,19,19,18,19,19,19,19,21,21,22,22,22,23,23,23,25,25,25,27,27,28,28,28,29,29,30,30,30,30,27,25,25,25,25,23,23,28,28,27,27,27,27,25,25,25,23,23,22,22,21,21,21,21,22,22,22,23,23,23,25,25,25,25,27,27,27,27,28,28,28,29,29,29,29,29,30,30,30,30,30,22,22,23,23,25,25,25,25,27,27,27,27,28,28,29,29
22,Surajmal Stadium,23,22,22,22,21,21,19,19,18,18,18,16,16,15,15,12,12,10,10,8,8,8,8,8,10,12,16,16,18,18,19,19,19,21,23,22,22,22,21,21,19,19,19,19,19,19,21,21,21,22,22,22,23,23,25,25,25,27,27,27,28,28,28,29,29,30,30,30,30,27,27,25,25,25,25,23,28,28,27,27,27,27,25,25,25,23,23,22,22,22,21,21,21,22,22,23,23,23,25,25,25,25,27,27,27,27,28,28,28,28,29,29,29,29,30,30,30,30,30,30,22,23,23,23,25,25,25,27,27,27,27,28,28,28,29,29
23,Nangloai,23,23,22,22,22,21,21,19,19,18,18,16,16,15,15,15,12,12,10,10,8,8,8,8,10,10,16,18,18,19,19,19,21,21,23,23,22,22,21,21,21,19,19,19,21,21,21,21,22,22,22,23,23,25,25,25,25,27,27,28,28,28,29,29,30,30,30,30,30,27,27,27,25,25,25,25,28,28,28,27,27,27,27,25,25,25,23,23,22,22,22,21,22,22,23,23,23,25,25,25,25,27,27,27,27,28,28,28,28,29,29,29,29,30,30,30,30,30,30,30,22,23,23,25,25,25,27,27,27,27,28,28,28,28,29,29
24,Nangloai Rly. Station,23,23,23,22,22,22,21,19,19,19,18,18,16,16,15,15,15,12,12,10,10,8,8,8,8,10,18,18,18,19,19,19,21,21,23,23,23,22,22,21,21,21,19,21,21,21,21,22,22,22,23,23,23,25,25,25,27,27,27,28,28,29,29,29,30,30,30,30,30,27,27,27,27,25,25,25,29,28,28,28,27,27,27,27,25,25,23,23,23,22,22,22,22,22,23,23,23,25,25,25,27,27,27,27,28,28,28,28,29,29,29,29,30,30,30,30,30,30,30,30,22,23,25,25,25,25,27,27,27,27,28,28,28,29,29,29
25,Rajdhani Park,25,23,23,23,22,22,21,21,19,19,19,18,18,16,16,15,15,15,12,12,10,10,10,8,8,8,18,18,19,19,21,21,21,22,25,23,23,23,22,22,21,21,21,21,21,21,22,22,22,23,23,23,25,25,25,27,27,27,28,28,28,29,29,30,30,30,30,30,30,28,27,27,27,27,25,25,29,29,28,28,28,27,27,27,27,25,25,23,23,23,22,22,22,23,23,25,25,25,25,27,27,27,27,28,28,28,28,29,29,29,29,30,30,30,30,30,30,30,30,30,23,25,25,25,27,27,27,27,28,28,28,28,29,29,29,30
26,Mundka,25,25,25,23,23,22,22,21,21,19,19,19,18,18,16,16,15,15,15,15,12,12,10,10,8,8,18,19,19,21,21,21,22,22,25,25,23,23,23,22,22,21,21,21,22,22,22,22,23,23,23,25,25,25,27,27,27,28,28,28,29,29,29,30,30,30,30,30,30,28,28,27,27,27,27,25,29,29,29,28,28,28,27,27,27,25,25,25,23,23,23,22,23,23,25,25,25,25,27,27,27,27,28,28,28,28,29,29,29,29,30,30,30,30,30,30,30,30,30,30,23,25,25,25,27,27,27,28,28,28,28,29,29,29,30,30
27,Kanhaiya Nagar,19,19,18,18,18,16,16,15,12,12,12,10,8,10,10,12,15,15,15,15,16,16,16,18,18,18,8,8,10,10,12,12,15,15,19,19,18,18,16,16,16,15,15,15,16,16,16,16,18,18,18,19,19,19,21,21,22,22,23,23,25,25,25,27,28,28,28,29,29,23,22,22,22,21,21,19,25,25,23,23,23,22,22,22,21,21,19,18,18,18,16,16,18,18,18,19,19,21,21,21,22,22,22,23,23,23,23,25,25,25,27,27,27,28,28,28,28,29,29,29,18,19,19,21,21,21,22,22,22,23,23,25,25,25,27,27
28,Keshav Puram ,19,19,19,18,18,16,16,15,15,12,12,10,8,10,12,12,15,15,15,16,16,16,18,18,18,19,8,8,8,10,10,12,12,15,19,19,18,18,18,16,16,15,15,16,16,16,16,18,18,18,18,19,19,21,21,21,22,22,23,23,25,25,27,27,28,28,28,29,29,23,22,22,22,21,21,21,25,25,25,23,23,23,22,22,21,21,19,19,18,18,18,18,18,18,19,19,19,21,21,21,22,22,22,23,23,23,25,25,25,27,27,27,28,28,28,28,29,29,29,29,18,19,21,21,21,22,22,22,23,23,23,25,25,25,27,27
29,Netaji Subash Place,21,19,19,19,18,18,16,16,15,15,15,12,10,12,12,15,15,16,16,16,18,18,18,18,19,19,10,8,8,8,10,10,12,12,21,19,19,18,18,18,16,16,16,16,16,16,18,18,18,19,19,19,21,21,21,22,22,23,23,25,25,27,27,28,28,28,29,29,29,23,23,23,22,22,22,21,27,25,25,25,23,23,23,22,22,21,21,19,19,19,18,18,18,19,19,21,21,21,22,22,22,23,23,23,25,25,25,25,27,27,27,28,28,28,28,29,29,29,29,30,19,21,21,21,22,22,23,23,23,23,25,25,25,27,27,27
30,Kohat Enclave,21,21,19,19,19,18,18,16,16,15,15,12,12,15,15,15,16,16,16,18,18,18,19,19,19,21,10,10,8,8,8,8,10,12,21,21,19,19,18,18,18,16,16,16,18,18,18,18,19,19,19,21,21,22,22,22,23,23,25,25,25,27,27,28,29,29,29,29,30,25,23,23,23,22,22,22,27,27,25,25,25,23,23,23,22,22,21,21,19,19,19,18,19,19,21,21,21,22,22,22,23,23,23,25,25,25,25,27,27,27,28,28,28,28,29,29,29,29,29,30,19,21,21,22,22,23,23,23,25,25,25,25,27,27,28,28
31,Pitam Pura,21,21,21,19,19,19,18,16,16,16,15,15,12,15,15,16,16,16,18,18,18,19,19,19,21,21,12,10,10,8,8,8,10,10,22,21,21,19,19,18,18,18,16,18,18,18,18,19,19,19,21,21,22,22,22,23,23,25,25,25,27,27,27,28,29,29,29,29,30,25,25,23,23,23,22,22,27,27,27,25,25,25,23,23,23,22,22,21,21,19,19,19,19,21,21,21,22,22,22,23,23,23,25,25,25,25,27,27,27,27,28,28,28,29,29,29,29,29,30,30,19,21,22,22,23,23,23,25,25,25,25,27,27,27,28,28
32,RohiniEast,22,21,21,21,19,19,18,18,16,16,16,15,15,15,15,16,16,18,18,18,19,19,19,19,21,21,12,12,10,8,8,8,8,10,22,21,21,19,19,19,18,18,18,18,18,18,19,19,19,21,21,21,22,22,23,23,23,25,25,27,27,27,28,28,29,29,29,30,30,25,25,25,23,23,23,22,27,27,27,25,25,25,25,23,23,22,22,21,21,21,19,19,19,21,21,22,22,22,23,23,23,25,25,25,25,27,27,27,27,28,28,28,29,29,29,29,29,30,30,30,21,22,22,22,23,23,25,25,25,25,27,27,27,27,28,28
33,Rohini West,22,22,22,21,21,19,19,18,18,16,16,15,15,16,16,16,18,18,18,19,19,19,21,21,21,22,15,12,12,10,10,8,8,8,22,22,21,21,19,19,19,18,18,18,19,19,19,19,21,21,21,22,22,23,23,23,25,25,25,27,27,28,28,29,29,29,30,30,30,27,25,25,25,23,23,23,28,27,27,27,25,25,25,25,23,23,22,22,21,21,21,19,21,21,22,22,22,23,23,23,25,25,25,25,27,27,27,27,28,28,28,29,29,29,29,29,30,30,30,30,21,22,23,23,23,25,25,25,25,27,27,27,27,28,28,29
34,Rithala,23,22,22,21,21,21,19,18,18,18,16,16,15,16,16,18,18,18,19,19,19,21,21,21,22,22,15,15,12,12,10,10,8,8,23,22,22,21,21,21,19,19,18,19,19,19,19,21,21,22,22,22,23,23,23,25,25,25,27,27,28,28,28,29,29,30,30,30,30,27,25,25,25,25,23,23,28,28,27,27,27,25,25,25,25,23,23,22,22,21,21,21,21,22,22,22,23,23,23,25,25,25,25,27,27,27,27,28,28,28,29,29,29,29,29,30,30,30,30,30,22,22,23,23,25,25,25,25,27,27,27,27,28,28,29,29
35,Jahangirpuri,21,21,19,19,18,18,18,16,16,16,18,18,19,19,21,21,21,22,22,22,23,23,23,23,25,25,19,19,21,21,22,22,22,23,8,8,10,12,12,15,15,15,16,16,18,18,18,18,19,19,19,21,21,21,22,22,23,23,23,25,25,27,27,28,28,29,29,29,29,25,23,23,22,22,22,21,27,25,25,25,23,23,23,22,22,21,21,19,19,19,18,18,19,19,19,21,21,21,22,22,22,23,23,23,25,25,25,27,27,27,27,28,28,28,28,29,29,29,29,30,19,21,21,22,22,22,23,23,23,25,25,25,27,27,27,28
36,Adarsh Nagar,19,19,19,18,18,18,16,15,16,16,16,18,18,19,19,21,21,21,22,22,22,22,23,23,23,25,19,19,19,21,21,21,22,22,8,8,8,10,12,12,15,15,15,16,16,16,16,18,18,18,19,19,21,21,21,22,22,23,23,25,25,25,27,27,28,28,29,29,29,23,23,22,22,22,21,21,25,25,25,23,23,23,22,22,22,21,19,19,19,18,18,18,18,19,19,19,21,21,21,22,22,22,23,23,23,25,25,25,25,27,27,27,28,28,28,28,29,29,29,29,18,19,21,21,22,22,22,23,23,23,25,25,25,25,27,27
37,Azadpur,19,19,18,18,18,16,16,15,15,16,16,16,18,18,19,19,19,21,21,21,22,22,22,23,23,23,18,18,19,19,21,21,21,22,10,8,8,8,10,10,12,12,15,15,16,16,16,16,18,18,18,19,19,19,21,21,22,22,23,23,25,25,25,27,28,28,28,29,29,23,22,22,22,21,21,19,25,25,23,23,23,22,22,22,21,21,19,18,18,18,16,16,18,18,18,19,19,21,21,21,22,22,22,22,23,23,23,25,25,25,27,27,27,28,28,28,28,29,29,29,18,19,19,21,21,21,22,22,22,23,23,25,25,25,27,27
38,Model Town,19,18,18,16,16,16,15,12,15,15,15,16,16,18,18,19,19,19,21,21,21,22,22,22,23,23,18,18,18,19,19,19,21,21,12,10,8,8,8,10,10,12,12,15,15,15,15,16,16,16,18,18,19,19,19,21,21,22,22,23,23,25,25,27,27,28,28,28,29,22,22,21,21,21,19,19,25,23,23,23,22,22,21,21,21,19,19,18,18,16,16,16,16,18,18,18,19,19,19,21,21,21,22,22,22,23,23,23,25,25,25,27,27,27,27,28,28,28,28,29,16,18,19,19,21,21,21,22,22,22,23,23,23,25,25,27
39,GTB Nagar,18,18,16,16,16,15,15,12,12,15,15,16,16,16,18,18,19,19,19,19,21,21,21,22,22,23,16,18,18,18,19,19,19,21,12,12,10,8,8,8,10,10,12,12,15,15,15,15,16,16,16,18,18,19,19,19,21,21,22,22,23,23,25,25,27,27,28,28,28,22,21,21,21,19,19,19,23,23,22,22,22,21,21,21,19,19,18,18,16,16,16,15,16,16,18,18,18,19,19,19,21,21,21,22,22,22,23,23,23,25,25,25,27,27,27,27,28,28,28,29,16,18,18,19,19,19,21,21,22,22,22,23,23,23,25,25
40,Viswavidyalaya,18,16,16,16,15,15,12,10,12,12,15,15,16,16,16,18,18,19,19,19,21,21,21,21,22,22,16,16,18,18,18,19,19,21,15,12,10,10,8,8,8,10,10,12,12,12,15,15,15,16,16,16,18,18,19,19,19,21,21,22,22,23,23,25,27,27,27,28,28,22,21,21,19,19,19,18,23,23,22,22,21,21,21,19,19,18,18,16,16,16,15,15,15,16,16,18,18,18,19,19,19,21,21,21,22,22,22,23,23,23,25,25,25,27,27,27,27,28,28,28,16,18,18,18,19,19,21,21,21,22,22,22,23,23,25,25
41,Vidhan Sabha,16,16,16,15,15,15,12,10,10,12,12,15,15,16,16,18,18,18,18,19,19,19,21,21,21,22,16,16,16,18,18,18,19,19,15,15,12,10,10,8,8,8,10,10,12,12,12,15,15,15,16,16,16,18,18,18,19,21,21,22,22,23,23,25,25,27,27,27,28,21,21,19,19,19,18,18,23,22,22,21,21,21,19,19,19,18,16,16,16,15,15,15,15,15,16,16,16,18,18,19,19,19,21,21,21,22,22,22,23,23,23,25,25,25,27,27,27,27,28,28,15,16,18,18,18,19,19,21,21,21,22,22,22,23,23,25
42,Civil Lines,16,16,15,15,15,12,10,8,10,10,12,12,15,15,16,16,18,18,18,18,19,19,19,21,21,21,15,15,16,16,18,18,18,19,15,15,12,12,10,10,8,8,8,10,10,10,12,12,15,15,15,16,16,16,18,18,19,19,21,21,22,22,23,25,25,25,27,27,27,21,19,19,19,18,18,16,22,22,21,21,21,19,19,19,18,18,16,15,15,15,12,12,15,15,15,16,16,18,18,18,19,19,19,21,21,21,21,22,22,23,23,23,25,25,25,27,27,27,27,28,15,16,16,18,18,18,19,19,19,21,21,22,22,22,23,23
43,Kashmere Gate,16,15,15,15,12,12,10,8,8,10,10,12,12,15,15,16,16,16,18,18,18,19,19,19,21,21,15,15,16,16,16,18,18,18,16,15,15,12,12,10,10,8,8,8,10,10,10,12,12,15,15,15,16,16,16,18,18,19,19,21,21,22,22,23,25,25,25,27,27,19,19,19,18,18,16,16,22,21,21,21,19,19,19,18,18,16,16,15,15,12,12,12,12,15,15,15,16,16,16,18,18,18,19,19,19,21,21,22,22,22,23,23,25,25,25,25,27,27,27,28,15,15,16,16,18,18,18,19,19,19,21,21,22,22,23,23
44,Delhi Main,16,16,15,15,15,12,10,8,10,10,12,12,15,15,16,16,18,18,18,18,19,19,19,21,21,21,15,16,16,16,18,18,18,19,16,16,15,15,12,12,10,10,8,8,8,8,8,10,12,12,12,15,15,16,16,16,18,18,19,19,21,21,22,23,25,25,25,25,27,19,18,18,18,16,16,16,22,21,21,19,19,19,18,18,16,16,15,15,12,12,10,10,12,12,15,15,15,16,16,16,18,18,18,19,19,19,21,21,22,22,22,23,23,25,25,25,25,27,27,27,12,15,16,16,16,18,18,18,19,19,19,21,21,22,22,23
45,Chawri Bazar,16,16,16,15,15,15,12,10,10,12,12,15,15,16,16,18,18,18,19,19,19,19,21,21,21,22,16,16,16,18,18,18,19,19,18,16,16,15,15,12,12,10,10,8,8,8,8,8,10,10,12,12,15,15,16,16,16,18,18,19,19,21,21,22,23,25,25,25,27,19,18,18,16,16,16,15,21,21,19,19,18,18,18,16,16,15,15,12,12,10,10,8,10,12,12,15,15,15,16,16,16,18,18,18,19,19,19,21,21,21,22,22,23,23,23,25,25,25,25,27,10,15,15,15,16,16,18,18,18,19,19,19,21,21,22,22
45,Chandni Chowk,16,16,16,15,15,15,12,10,10,12,12,15,15,16,16,18,18,18,19,19,19,19,21,21,21,22,16,16,16,18,18,18,19,19,18,16,16,15,15,12,12,10,10,8,8,8,8,8,10,10,12,12,15,15,16,16,16,18,18,19,19,21,21,22,23,25,25,25,27,19,18,18,16,16,16,15,21,21,19,19,18,18,18,16,16,15,15,12,12,10,10,8,10,12,12,15,15,15,16,16,16,18,18,18,19,19,19,21,21,21,22,22,23,23,23,25,25,25,25,27,10,15,15,15,16,16,18,18,18,19,19,19,21,21,22,22
46,New Delhi,18,16,16,16,15,15,12,10,12,12,12,15,15,16,16,18,18,18,19,19,19,21,21,21,22,22,16,16,18,18,18,19,19,19,18,16,16,15,15,15,12,12,10,8,8,8,8,8,10,10,10,12,15,15,15,16,16,18,18,19,19,21,21,22,23,23,25,25,25,18,18,18,16,16,15,15,21,19,19,19,18,18,18,16,16,15,15,12,10,10,8,8,10,10,12,12,15,15,15,16,16,16,18,18,18,19,19,21,21,21,22,22,23,23,23,25,25,25,25,27,10,12,15,15,16,16,16,18,18,18,19,19,21,21,22,22
47,Rajiv Chowk,18,18,16,16,16,15,15,12,12,15,15,15,16,16,18,18,19,19,19,19,21,21,21,22,22,22,16,18,18,18,19,19,19,21,18,18,16,16,15,15,15,12,12,10,8,8,8,8,8,10,10,12,12,15,15,15,16,16,18,18,19,19,21,22,23,23,23,25,25,18,16,16,16,15,15,15,19,19,19,18,18,16,16,16,15,15,12,10,10,8,8,8,8,10,10,12,12,15,15,15,16,16,16,18,18,18,19,19,19,21,21,22,22,22,23,23,23,25,25,25,10,12,15,15,15,16,16,16,18,18,18,19,19,21,21,22
48,Patel Chowk,18,18,18,16,16,16,15,12,15,15,15,16,16,18,18,19,19,19,21,21,21,21,22,22,22,23,18,18,18,19,19,19,21,21,19,18,18,16,16,15,15,15,12,12,10,10,10,8,8,8,8,10,12,12,15,15,15,16,16,18,18,19,19,21,22,22,23,23,25,18,18,18,16,16,15,15,21,19,19,19,18,18,18,16,16,15,15,12,10,10,8,8,10,10,12,12,15,15,15,16,16,16,18,18,18,19,19,21,21,21,22,22,23,23,23,25,25,25,25,27,8,10,12,12,15,15,16,16,16,18,18,18,19,19,21,21
49,Central Secretariat,19,18,18,18,16,16,15,15,15,15,16,16,18,18,18,19,19,19,21,21,22,22,22,22,23,23,18,18,19,19,19,21,21,22,19,18,18,16,16,16,15,15,15,12,10,10,10,10,8,8,8,8,10,12,12,15,15,16,16,18,18,19,19,21,22,22,23,23,25,19,18,18,16,16,16,15,21,21,19,19,18,18,18,16,16,15,15,12,12,10,10,10,10,12,12,15,15,15,16,16,16,18,18,18,19,19,19,21,21,22,22,22,23,23,23,25,25,25,27,27,8,10,12,12,15,15,15,16,16,16,18,18,18,19,21,21
50,Udyog Bhawan,19,19,18,18,18,16,16,15,15,16,16,16,18,18,19,19,19,21,21,21,22,22,22,23,23,23,18,18,19,19,21,21,21,22,19,19,18,18,16,16,16,15,15,12,12,12,10,10,8,8,8,8,10,10,12,12,15,16,16,18,18,18,19,21,22,22,22,23,23,19,18,18,18,16,16,16,21,21,19,19,19,18,18,18,16,16,15,15,12,12,10,10,10,12,15,15,15,16,16,16,18,18,18,19,19,19,21,21,21,22,22,23,23,23,25,25,25,25,27,27,8,10,12,12,15,15,16,16,16,16,18,18,19,19,21,21
51,Race Course,19,19,19,18,18,18,16,15,16,16,16,18,18,19,19,21,21,21,21,22,22,22,23,23,23,25,19,19,19,21,21,21,22,22,21,19,19,18,18,16,16,16,15,15,12,12,12,12,10,8,8,8,8,10,10,12,15,15,15,16,18,18,18,19,21,22,22,22,23,19,19,18,18,18,16,16,22,21,21,21,19,19,18,18,18,16,16,15,15,12,12,12,12,15,15,15,16,16,16,18,18,18,19,19,19,21,21,22,22,22,23,23,25,25,25,25,25,27,27,27,8,12,15,15,15,16,16,16,18,18,18,19,19,21,21,22
52,Jorbagh,21,21,19,19,18,18,16,16,16,16,18,18,19,19,19,21,21,22,22,22,23,23,23,23,25,25,19,19,21,21,22,22,22,23,21,21,19,19,18,18,16,16,16,15,15,15,15,12,12,10,10,8,8,8,10,10,12,15,15,16,16,18,18,19,21,21,22,22,22,21,19,19,19,18,18,16,22,22,21,21,21,19,19,19,18,18,16,15,15,15,12,12,15,15,15,16,16,18,18,18,19,19,19,21,21,21,21,22,22,23,23,23,25,25,25,27,27,27,27,28,10,12,15,15,16,16,16,18,18,18,19,19,21,21,22,22
53,INA,21,21,21,19,19,18,18,16,18,18,18,19,19,21,21,21,22,22,22,23,23,23,25,25,25,25,19,21,21,22,22,22,23,23,21,21,19,19,19,18,18,16,16,16,15,15,15,15,12,12,10,10,8,8,8,8,10,12,15,15,16,16,18,19,19,21,21,22,22,21,21,19,19,19,18,18,23,22,22,21,21,21,19,19,19,18,16,16,16,15,15,15,15,15,16,16,18,18,18,19,19,19,21,21,21,22,22,22,23,23,23,25,25,25,27,27,27,27,28,28,12,15,15,16,16,16,18,18,19,19,19,21,21,21,22,22
54,AIIMS,22,21,21,21,19,19,18,16,18,18,18,19,19,21,21,22,22,22,23,23,23,25,25,25,25,27,21,21,21,22,22,23,23,23,22,21,21,19,19,19,18,18,16,16,16,16,15,15,15,12,12,10,10,8,8,8,10,12,12,15,15,16,16,18,19,19,21,21,22,21,21,21,19,19,19,18,23,23,22,22,21,21,21,19,19,18,18,16,16,16,15,15,15,16,16,16,18,18,19,19,19,21,21,21,22,22,22,23,23,23,25,25,25,27,27,27,27,28,28,28,12,15,16,16,16,18,18,19,19,19,21,21,21,22,22,23
55,Green Park,22,22,21,21,19,19,19,18,18,18,19,19,21,21,22,22,22,23,23,23,25,25,25,25,27,27,21,21,22,22,23,23,23,25,22,22,21,21,19,19,18,18,18,16,16,16,16,15,15,15,12,12,10,8,8,8,8,10,12,15,15,16,16,18,19,19,21,21,21,22,21,21,21,19,19,18,23,23,22,22,22,21,21,21,19,19,18,16,16,16,16,15,16,16,16,18,18,19,19,19,21,21,21,22,22,22,23,23,23,25,25,25,27,27,27,27,28,28,28,29,15,15,16,16,18,18,18,19,19,19,21,21,22,22,23,23
56,Hauz Khas,22,22,22,21,21,21,19,18,19,19,19,21,21,22,22,23,23,23,25,25,25,25,25,27,27,27,22,22,22,23,23,23,25,25,23,22,22,21,21,19,19,19,18,18,16,16,16,16,15,15,15,15,12,10,10,8,8,8,10,12,12,15,15,16,18,19,19,19,21,22,22,22,21,21,19,19,25,23,23,23,22,22,21,21,21,19,19,18,18,16,16,16,16,18,18,18,19,19,19,21,21,21,22,22,22,23,23,25,25,25,25,27,27,27,27,28,28,28,29,29,15,16,18,18,18,19,19,19,21,21,21,22,22,23,23,25
57,Malviya Nagar,23,23,22,22,22,21,21,19,19,21,21,21,22,22,23,23,25,25,25,25,25,27,27,27,27,28,22,22,23,23,25,25,25,25,23,23,22,22,21,21,21,19,19,18,18,18,18,16,16,16,16,15,15,12,12,10,8,8,8,10,12,12,15,16,18,18,18,19,19,23,22,22,22,21,21,21,25,25,25,23,23,22,22,22,21,21,19,19,18,18,18,16,18,18,19,19,19,21,21,21,22,22,22,23,23,23,25,25,25,25,27,27,27,28,28,28,28,29,29,29,16,18,18,18,19,19,21,21,21,22,22,22,23,23,25,25
58,Saket,23,23,23,22,22,22,21,19,21,21,21,22,22,23,23,23,25,25,25,25,27,27,27,27,28,28,23,23,23,25,25,25,25,27,23,23,23,22,22,21,21,21,19,19,18,18,18,18,16,16,16,15,15,15,12,12,10,8,8,8,10,12,15,15,16,18,18,19,19,23,23,22,22,22,21,21,25,25,25,23,23,23,22,22,22,21,21,19,19,18,18,18,18,19,19,19,21,21,21,22,22,22,23,23,23,25,25,25,25,27,27,27,28,28,28,28,29,29,29,29,16,18,18,19,19,21,21,21,22,22,22,23,23,23,25,25
59,Qutab Minar,25,25,23,23,23,22,22,21,21,22,22,22,23,23,25,25,25,25,27,27,27,27,28,28,28,28,23,23,25,25,25,27,27,27,25,25,23,23,22,22,22,21,21,19,19,19,19,18,18,18,18,16,16,15,15,15,12,10,8,8,8,10,12,15,16,16,16,18,18,25,23,23,23,22,22,22,27,27,25,25,25,23,23,23,22,22,21,21,19,19,19,18,19,19,21,21,21,22,22,22,23,23,23,25,25,25,25,27,27,27,27,28,28,28,29,29,29,29,29,30,18,19,19,19,21,21,22,22,22,22,23,23,25,25,25,27
60,Chhattarpur,25,25,25,23,23,23,22,21,22,22,22,23,23,25,25,25,27,27,27,27,28,28,28,28,28,29,25,25,25,25,27,27,27,28,25,25,25,23,23,22,22,22,21,21,19,19,19,19,18,18,18,18,16,16,15,15,12,12,10,8,8,8,10,12,15,16,16,16,18,25,25,25,23,23,22,22,27,27,27,25,25,25,23,23,23,22,22,21,21,19,19,19,19,21,21,21,22,22,22,23,23,23,25,25,25,25,27,27,27,28,28,28,29,29,29,29,29,30,30,30,18,19,21,21,21,22,22,22,23,23,23,25,25,25,27,27
61,Sultanpur,27,25,25,25,25,23,23,22,22,23,23,23,25,25,25,27,27,27,27,28,28,28,28,29,29,29,25,25,27,27,27,27,28,28,27,25,25,25,23,23,23,22,22,21,21,21,21,19,19,19,18,18,18,16,16,16,15,12,12,10,8,8,8,12,15,15,15,16,16,27,25,25,25,23,23,23,28,27,27,27,25,25,25,25,23,23,22,22,21,21,21,19,21,21,22,22,22,23,23,23,25,25,25,25,27,27,27,27,28,28,28,29,29,29,29,29,30,30,30,30,19,21,21,21,22,22,23,23,23,23,25,25,25,27,27,27
62,Ghotorni,27,27,25,25,25,25,23,22,23,23,23,25,25,25,27,27,27,27,28,28,28,28,29,29,29,29,25,27,27,27,27,28,28,28,27,27,25,25,25,23,23,23,22,22,21,21,21,21,19,19,19,18,18,18,16,16,15,15,15,12,10,8,8,10,12,15,15,15,16,27,25,25,25,25,23,23,28,28,27,27,27,25,25,25,25,23,23,22,22,21,21,21,21,22,22,22,23,23,23,25,25,25,25,27,27,27,27,28,28,28,29,29,29,29,29,30,30,30,30,30,19,21,22,22,22,23,23,23,25,25,25,25,27,27,28,28
63,Arjan Garh,28,27,27,27,27,25,25,23,25,25,25,25,27,27,27,28,28,28,28,29,29,29,29,29,30,30,27,27,28,28,28,28,29,29,28,27,27,27,25,25,25,25,23,23,22,22,22,22,21,21,21,19,19,19,18,18,16,16,15,15,12,12,10,8,10,10,12,15,15,28,27,27,27,25,25,25,29,28,28,28,27,27,27,27,25,25,23,23,23,22,22,22,22,23,23,23,25,25,25,25,27,27,27,27,28,28,28,28,29,29,29,29,30,30,30,30,30,30,30,30,21,22,22,23,23,23,25,25,25,25,27,27,27,28,28,29
64,Gurudronacharya,28,28,28,27,27,27,25,25,25,25,27,27,27,28,28,28,29,29,29,29,29,29,30,30,30,30,28,28,28,29,29,29,29,29,28,28,28,27,27,27,25,25,25,25,23,23,23,23,22,22,22,21,21,19,19,19,18,18,16,16,15,15,12,10,8,8,10,10,12,28,28,28,27,27,27,25,29,29,29,28,28,28,28,27,27,25,25,25,23,23,23,23,23,23,25,25,25,25,27,27,27,27,28,28,28,28,29,29,29,29,30,30,30,30,30,30,30,30,30,30,22,23,23,25,25,25,25,27,27,27,27,28,28,28,29,29
65,Sikandarpur.,28,28,28,28,27,27,27,25,25,27,27,27,28,28,28,29,29,29,29,29,30,30,30,30,30,30,28,28,28,29,29,29,29,30,29,28,28,28,27,27,27,25,25,25,25,25,23,23,22,22,22,22,21,21,19,19,19,18,18,16,16,15,15,10,8,8,8,10,12,28,28,28,28,27,27,27,29,29,29,29,28,28,28,27,27,27,25,25,25,23,23,23,23,25,25,25,25,27,27,27,27,28,28,28,28,29,29,29,29,30,30,30,30,30,30,30,30,30,30,30,22,23,25,25,25,25,27,27,27,27,28,28,28,29,29,29
66,MG Road,29,29,28,28,28,27,27,25,27,27,27,28,28,28,29,29,29,29,29,30,30,30,30,30,30,30,28,28,29,29,29,29,30,30,29,29,28,28,28,27,27,27,25,25,25,25,25,23,23,23,22,22,22,21,21,21,19,18,18,16,16,15,15,12,10,8,8,8,10,29,28,28,28,28,27,27,30,29,29,29,29,28,28,28,28,27,27,25,25,25,25,23,25,25,25,25,27,27,27,27,28,28,28,29,29,29,29,29,30,30,30,30,30,30,30,30,30,30,30,30,23,23,25,25,25,27,27,27,27,28,28,28,29,29,29,29
67,IFFCO Chowk,29,29,29,28,28,28,27,27,27,27,28,28,28,29,29,29,29,29,30,30,30,30,30,30,30,30,29,29,29,29,29,30,30,30,29,29,29,28,28,28,27,27,27,25,25,25,25,25,23,23,23,22,22,22,21,21,19,19,19,18,16,16,15,15,10,10,8,8,8,29,29,28,28,28,28,27,30,30,29,29,29,29,28,28,28,27,27,27,25,25,25,25,25,25,27,27,27,27,28,28,28,28,29,29,29,29,29,30,30,30,30,30,30,30,30,30,30,30,30,30,23,25,25,25,27,27,27,28,28,28,28,29,29,29,29,30
68,Huda City Centre,29,29,29,29,28,28,28,27,27,28,28,28,29,29,29,29,30,30,30,30,30,30,30,30,30,30,29,29,29,30,30,30,30,30,29,29,29,29,28,28,28,27,27,27,27,27,25,25,25,25,23,23,22,22,22,21,21,19,19,18,18,16,16,15,12,12,10,8,8,29,29,29,29,28,28,28,30,30,30,29,29,29,29,29,28,28,27,27,27,27,25,25,25,27,27,27,27,28,28,28,29,29,29,29,29,30,30,30,30,30,30,30,30,30,30,30,30,30,30,30,25,25,27,27,27,27,28,28,28,28,29,29,29,29,30,30
69,Vaishali,25,23,23,22,22,22,21,19,21,21,21,22,22,23,23,25,25,25,25,27,27,27,27,27,28,28,23,23,23,25,25,25,27,27,25,23,23,22,22,22,21,21,19,19,19,19,18,18,18,19,19,19,21,21,21,22,22,23,23,25,25,27,27,28,28,28,29,29,29,8,8,10,10,12,12,15,21,21,21,19,19,19,18,18,16,16,15,16,16,16,18,18,18,19,19,19,21,21,22,22,22,23,23,23,25,25,25,25,27,27,27,27,28,28,28,29,29,29,29,30,19,19,21,21,22,22,23,23,23,23,25,25,25,27,27,27
70,Kaushambi,23,23,22,22,22,21,21,19,19,21,21,21,22,22,23,23,25,25,25,25,25,27,27,27,27,28,22,22,23,23,25,25,25,25,23,23,22,22,21,21,21,19,19,18,18,18,18,16,18,18,18,19,19,21,21,21,22,22,23,23,25,25,25,27,28,28,28,29,29,8,8,8,8,10,12,12,21,21,19,19,18,18,18,16,16,15,15,15,16,16,16,16,18,18,19,19,19,21,21,21,22,22,22,23,23,23,25,25,25,25,27,27,27,28,28,28,28,29,29,29,18,19,19,21,21,22,22,22,23,23,23,25,25,25,27,27
71,Anand Vihar,23,22,22,22,21,21,19,19,19,19,21,21,22,22,22,23,23,23,25,25,25,25,27,27,27,27,22,22,23,23,23,25,25,25,23,22,22,21,21,21,19,19,19,18,18,18,18,16,18,18,18,18,19,19,21,21,22,22,22,23,25,25,25,27,28,28,28,28,29,10,8,8,8,10,10,12,21,19,19,18,18,18,16,16,16,15,12,15,15,16,16,16,18,18,18,19,19,19,21,21,21,22,22,22,23,23,23,25,25,25,27,27,27,27,28,28,28,28,29,29,18,19,19,19,21,21,22,22,22,23,23,23,25,25,27,27
72,Karkar Duma,22,22,22,21,21,21,19,18,19,19,19,21,21,22,22,23,23,23,23,25,25,25,25,27,27,27,22,22,22,23,23,23,25,25,22,22,22,21,21,19,19,19,18,18,16,16,16,16,16,16,18,18,19,19,19,21,21,22,22,23,23,25,25,27,27,28,28,28,29,10,8,8,8,8,10,10,19,19,18,18,18,16,16,16,15,15,12,15,15,15,16,16,16,18,18,18,19,19,19,21,21,21,22,22,22,23,23,23,25,25,25,27,27,27,27,28,28,28,28,29,16,18,19,19,21,21,21,22,22,22,23,23,23,25,25,27
73,Preet Vihar,22,22,21,21,19,19,19,18,18,19,19,19,21,21,22,22,22,23,23,23,25,25,25,25,27,27,21,21,22,22,23,23,23,25,22,22,21,21,19,19,19,18,18,16,16,16,16,15,16,16,16,18,18,19,19,19,21,21,22,22,23,23,25,25,27,27,28,28,28,12,10,10,8,8,8,10,19,18,18,18,16,16,16,15,15,12,10,12,15,15,15,15,16,16,18,18,18,19,19,19,21,21,21,22,22,22,23,23,23,25,25,25,27,27,27,27,28,28,28,29,16,18,18,19,19,19,21,21,22,22,22,23,23,23,25,25
74,Nirman Vihar ,22,21,21,21,19,19,18,16,18,18,18,19,19,21,21,22,22,22,23,23,23,25,25,25,25,27,21,21,22,22,22,23,23,23,22,21,21,19,19,19,18,18,16,16,16,16,15,15,15,16,16,16,18,18,19,19,19,21,21,22,22,23,23,25,27,27,27,28,28,12,12,10,10,8,8,8,19,18,18,16,16,16,15,15,12,10,10,12,12,12,15,15,15,16,16,18,18,18,19,19,19,21,21,21,22,22,22,23,23,23,25,25,25,27,27,27,27,28,28,28,16,18,18,18,19,19,21,21,21,21,22,22,23,23,25,25
75,Laxmi Nagar,21,21,21,19,19,18,18,16,16,18,18,19,19,21,21,21,22,22,22,23,23,23,25,25,25,25,19,21,21,22,22,22,23,23,21,21,19,19,19,18,18,16,16,16,15,15,15,15,15,15,16,16,16,18,18,18,19,21,21,22,22,23,23,25,25,27,27,27,28,15,12,12,10,10,8,8,18,18,16,16,16,15,15,12,12,10,8,10,10,12,12,15,15,15,16,16,16,18,18,19,19,19,21,21,21,22,22,22,23,23,23,25,25,25,27,27,27,27,28,28,15,16,18,18,19,19,19,21,21,21,22,22,22,23,23,25
76,Sect 32 City Centre,27,25,25,25,25,23,23,22,22,23,23,23,25,25,25,27,27,27,27,28,28,28,28,29,29,29,25,25,27,27,27,27,28,28,27,25,25,25,23,23,23,22,22,22,21,21,21,19,21,21,21,22,22,23,23,23,25,25,25,27,27,28,28,29,29,29,30,30,30,21,21,21,19,19,19,18,8,8,10,10,12,12,15,15,16,16,18,18,19,19,19,19,21,21,22,22,22,23,23,23,25,25,25,25,27,27,27,27,28,28,28,29,29,29,29,29,30,30,30,30,21,22,23,23,23,25,25,25,25,27,27,27,27,28,28,29
77,Golf Course,25,25,25,25,23,23,22,21,22,22,22,23,23,25,25,25,27,27,27,27,28,28,28,28,29,29,25,25,25,27,27,27,27,28,25,25,25,23,23,23,22,22,21,21,21,21,19,19,19,21,21,21,22,22,23,23,23,25,25,27,27,27,28,28,29,29,29,30,30,21,21,19,19,18,18,18,8,8,8,10,10,12,12,15,15,16,16,18,18,18,19,19,19,21,21,22,22,22,23,23,23,25,25,25,25,27,27,27,27,28,28,28,29,29,29,29,29,30,30,30,21,22,22,22,23,23,25,25,25,25,27,27,27,27,28,28
78,Botanical Garden,25,25,23,23,23,22,22,21,21,22,22,23,23,23,25,25,25,27,27,27,27,27,28,28,28,29,23,25,25,25,27,27,27,27,25,25,23,23,22,22,22,21,21,21,19,19,19,19,19,19,19,21,21,22,22,22,23,25,25,25,27,27,27,28,29,29,29,29,30,21,19,19,18,18,18,16,10,8,8,8,10,10,12,12,15,15,16,16,18,18,18,19,19,19,21,21,21,22,22,22,23,23,25,25,25,25,25,27,27,27,28,28,28,29,29,29,29,29,30,30,19,21,22,22,22,23,23,23,25,25,25,27,27,27,28,28
79,Noida Sect 18,25,23,23,23,22,22,21,21,21,21,22,22,23,23,23,25,25,25,27,27,27,27,27,28,28,28,23,23,25,25,25,25,27,27,25,23,23,23,22,22,21,21,21,19,19,19,19,18,19,19,19,21,21,21,22,22,23,23,23,25,25,27,27,28,28,29,29,29,29,19,19,18,18,18,16,16,10,10,8,8,8,10,10,12,12,15,15,16,16,18,18,18,19,19,19,21,21,21,22,22,22,23,23,23,25,25,25,27,27,27,27,28,28,28,28,29,29,29,29,30,19,21,21,22,22,22,23,23,23,25,25,25,27,27,27,28
80,Noida Sect 16,23,23,23,22,22,22,21,19,21,21,21,22,22,23,23,25,25,25,25,25,27,27,27,27,28,28,23,23,23,25,25,25,25,27,23,23,23,22,22,21,21,21,19,19,18,18,18,18,18,18,19,19,21,21,21,22,22,23,23,25,25,25,27,27,28,28,29,29,29,19,18,18,18,16,16,16,12,10,10,8,8,8,10,10,12,15,15,16,16,16,18,18,18,19,19,19,21,21,21,22,22,22,23,23,23,25,25,25,25,27,27,27,28,28,28,28,29,29,29,29,18,19,21,21,22,22,22,23,23,23,25,25,25,27,27,27
81,Noida Sect 15,23,23,22,22,22,21,21,19,19,21,21,21,22,22,23,23,25,25,25,25,27,27,27,27,27,28,22,23,23,23,25,25,25,25,23,23,22,22,21,21,21,19,19,19,18,18,18,16,18,18,18,19,19,21,21,21,22,22,23,23,25,25,25,27,28,28,28,29,29,19,18,18,16,16,16,15,12,12,10,10,8,8,8,10,10,12,15,15,16,16,16,16,18,18,19,19,19,21,21,21,22,22,22,23,23,23,25,25,25,25,27,27,28,28,28,28,28,29,29,29,18,19,21,21,21,22,22,22,23,23,23,25,25,25,27,27
82,New Ashok Nagar,23,22,22,22,21,21,19,19,19,19,21,21,21,22,22,23,23,23,25,25,25,25,27,27,27,27,22,22,23,23,23,25,25,25,23,22,22,21,21,21,19,19,19,18,18,18,18,16,18,18,18,18,19,19,21,21,21,22,22,23,23,25,25,27,28,28,28,28,29,18,18,16,16,16,15,15,15,12,12,10,10,8,8,8,10,12,12,15,15,16,16,16,18,18,18,19,19,19,21,21,21,22,22,22,23,23,23,25,25,25,25,27,27,27,28,28,28,28,29,29,18,19,19,19,21,21,22,22,22,23,23,23,25,25,27,27
83,Mayur Vihar-I Ext,22,22,22,21,21,21,19,18,19,19,19,21,21,22,22,22,23,23,23,25,25,25,25,27,27,27,22,22,22,23,23,23,25,25,22,22,22,21,21,19,19,19,18,18,16,16,16,16,16,16,18,18,19,19,19,21,21,22,22,23,23,25,25,27,27,27,28,28,29,18,16,16,16,15,15,12,15,15,12,12,10,10,8,8,8,10,12,15,15,15,16,16,16,18,18,18,19,19,19,21,21,21,22,22,22,23,23,23,25,25,25,27,27,27,27,28,28,28,28,29,16,18,19,19,21,21,21,22,22,22,23,23,23,25,25,27
84,Mayur Vihar-I,22,22,21,21,19,19,19,18,18,18,19,19,21,21,22,22,22,23,23,23,25,25,25,25,27,27,21,21,22,22,23,23,23,25,22,22,21,21,19,19,19,18,18,16,16,16,16,15,16,16,16,18,18,19,19,19,21,21,22,22,23,23,25,25,27,27,28,28,28,16,16,16,15,15,12,12,16,15,15,12,12,10,10,8,8,8,10,12,15,15,15,15,16,16,18,18,18,19,19,19,21,21,21,22,22,22,23,23,23,25,25,25,27,27,27,27,28,28,28,29,16,18,18,19,19,19,21,21,22,22,22,23,23,23,25,25
85,Akshardham,21,21,21,19,19,19,18,16,18,18,18,19,19,21,21,21,22,22,22,23,23,23,25,25,25,25,21,21,21,22,22,22,23,23,21,21,21,19,19,18,18,18,16,16,15,15,15,15,15,15,16,16,18,18,18,19,19,21,21,22,22,23,23,25,25,27,27,27,28,16,15,15,15,12,10,10,16,16,15,15,15,12,12,10,8,8,8,10,12,12,15,15,15,16,16,16,18,18,18,19,19,19,21,21,21,22,22,22,23,23,23,25,25,25,27,27,27,27,28,28,15,16,18,18,19,19,19,21,21,21,22,22,22,23,23,25
86,Yamuna Bank,21,21,19,19,18,18,16,16,16,16,18,18,19,19,19,21,21,22,22,22,23,23,23,23,25,25,19,19,21,21,22,22,22,23,21,19,19,19,18,18,16,16,16,15,15,15,15,12,15,15,15,16,16,16,18,18,19,19,21,21,22,22,23,23,25,25,27,27,27,15,15,12,12,10,10,8,18,16,16,15,15,15,12,12,10,8,8,8,10,10,12,12,15,15,15,16,16,16,18,18,18,19,19,19,21,21,21,22,22,23,23,23,25,25,25,27,27,27,27,28,15,16,16,18,18,18,19,19,19,21,21,22,22,22,23,23
87,Indraprasta,19,19,19,18,18,16,16,15,15,16,16,18,18,19,19,19,21,21,21,22,22,22,23,23,23,25,18,19,19,21,21,21,22,22,19,19,18,18,18,16,16,15,15,15,12,12,12,10,12,12,15,15,15,16,16,16,18,19,19,21,21,22,22,23,25,25,25,27,27,16,15,15,15,12,12,10,18,18,16,16,16,15,15,15,12,10,8,8,8,8,10,10,12,12,15,15,15,16,16,16,18,18,19,19,19,21,21,21,22,22,22,23,23,25,25,25,25,27,27,27,12,15,16,16,16,18,18,19,19,19,21,21,21,22,22,23
88,Pragati Maidan,19,19,18,18,16,16,16,15,15,15,16,16,18,18,19,19,19,21,21,21,22,22,22,23,23,23,18,18,19,19,21,21,21,22,19,19,18,18,16,16,16,15,15,12,12,12,10,10,10,12,12,15,15,16,16,16,18,18,19,19,21,21,22,23,23,25,25,25,27,16,16,15,15,15,12,10,19,18,18,16,16,16,15,15,15,12,10,8,8,8,8,10,10,12,15,15,15,16,16,16,18,18,18,19,19,19,21,21,21,22,22,23,23,23,25,25,25,25,27,27,12,15,15,16,16,16,18,18,19,19,19,21,21,21,22,22
89,Mandi House,19,18,18,18,16,16,15,12,15,15,15,16,16,18,18,19,19,19,21,21,21,22,22,22,23,23,18,18,19,19,19,21,21,21,19,18,18,16,16,16,15,15,12,12,10,10,10,8,10,10,12,12,15,15,16,16,16,18,18,19,19,21,21,22,23,23,25,25,27,16,16,16,15,15,12,12,19,18,18,18,16,16,16,15,15,12,10,8,8,8,8,8,10,10,12,15,15,15,16,16,16,18,18,18,19,19,19,21,21,21,22,22,23,23,23,25,25,25,25,27,10,15,15,15,16,16,18,18,18,18,19,19,21,21,22,22
90,Barakhamba,18,18,18,16,16,15,15,12,15,15,15,16,16,18,18,18,19,19,19,21,21,21,22,22,22,23,16,18,18,19,19,19,21,21,18,18,16,16,16,15,15,12,12,10,10,10,8,8,8,10,10,12,12,15,15,16,16,18,18,19,19,21,21,22,23,23,25,25,25,18,16,16,16,15,15,12,19,19,18,18,18,16,16,16,15,15,12,10,8,8,8,8,8,10,12,12,15,15,15,16,16,16,18,18,18,19,19,19,21,21,21,22,22,23,23,23,25,25,25,27,10,12,15,15,16,16,16,18,18,18,19,19,19,21,21,22
91,Rajiv Chowk,18,18,16,16,16,15,15,12,12,15,15,15,16,16,18,18,19,19,19,19,21,21,21,22,22,22,16,18,18,18,19,19,19,21,18,18,16,16,15,15,15,12,12,10,8,8,8,8,8,10,10,12,12,15,15,15,16,16,18,18,19,19,21,22,23,23,23,25,25,18,16,16,16,15,15,15,19,19,19,18,18,16,16,16,15,15,12,10,10,8,8,8,8,10,10,12,12,15,15,15,16,16,16,18,18,18,19,19,19,21,21,22,22,22,23,23,23,25,25,25,10,12,15,15,15,16,16,16,18,18,18,19,19,21,21,22
92,RK Ashram Marg,18,18,18,16,16,16,15,12,15,15,15,16,16,18,18,19,19,19,21,21,21,21,22,22,22,23,18,18,18,19,19,19,21,21,19,18,18,16,16,15,15,15,12,12,10,10,10,8,10,10,10,12,15,15,15,16,16,18,18,19,19,21,21,22,23,23,25,25,25,18,18,18,16,16,15,15,21,19,19,19,18,18,18,16,16,15,15,12,10,10,8,8,8,8,10,10,12,12,15,15,15,16,16,16,18,18,18,19,19,19,21,21,22,22,22,23,23,23,25,25,10,12,15,15,16,16,16,18,18,18,19,19,21,21,22,22
93,Jhandewalan,19,19,18,18,16,16,15,15,15,15,16,16,18,18,18,19,19,21,21,21,22,22,22,22,23,23,18,18,19,19,21,21,21,22,19,19,18,18,16,16,15,15,15,12,12,12,10,10,10,12,12,15,15,15,16,16,18,18,19,19,21,21,22,23,23,25,25,25,27,19,18,18,18,16,16,15,21,21,19,19,19,18,18,18,16,16,15,12,12,10,10,10,8,8,8,10,10,12,12,15,15,15,16,16,16,18,18,18,19,19,19,21,21,22,22,22,23,23,23,25,12,15,15,16,16,16,18,18,18,19,19,21,21,21,22,22
94,Karol Bagh,19,19,19,18,18,16,16,15,15,16,16,18,18,19,19,19,21,21,21,22,22,22,23,23,23,25,18,19,19,21,21,21,22,22,19,19,18,18,18,16,16,15,15,15,12,12,12,10,12,12,15,15,15,16,16,16,18,19,19,21,21,22,22,23,25,25,25,27,27,19,19,18,18,18,16,16,22,21,21,19,19,19,18,18,18,16,15,15,15,12,12,10,10,8,8,8,8,10,12,12,15,15,15,16,16,16,18,18,18,19,19,21,21,21,22,22,22,23,23,25,12,15,16,16,16,18,18,19,19,19,21,21,21,22,22,23
95,Rajendra Place,21,19,19,19,18,18,16,15,16,16,16,18,18,19,19,21,21,21,22,22,22,23,23,23,25,25,19,19,21,21,21,22,22,22,21,19,19,18,18,18,16,16,15,15,15,15,12,12,12,15,15,15,16,16,16,18,18,19,19,21,21,22,22,23,25,25,25,27,27,19,19,19,18,18,18,16,22,22,21,21,19,19,19,18,18,16,16,15,15,15,12,12,10,10,8,8,8,10,10,12,12,15,15,15,16,16,16,18,18,18,19,19,21,21,21,22,22,22,23,23,15,15,16,16,18,18,19,19,19,19,21,21,22,22,23,23
96,Patel Nagar,21,21,19,19,18,18,18,16,16,16,18,18,19,19,21,21,21,22,22,22,23,23,23,23,25,25,19,19,21,21,22,22,22,23,21,21,19,19,18,18,16,16,16,15,15,15,15,12,15,15,15,16,16,18,18,18,19,19,21,21,22,22,23,25,25,25,27,27,27,21,19,19,19,18,18,16,22,22,21,21,21,19,19,19,18,18,16,15,15,15,15,12,12,10,8,8,8,8,10,10,12,12,15,15,15,16,16,16,18,18,18,19,19,21,21,21,22,22,22,23,15,16,16,18,18,18,19,19,19,21,21,22,22,22,23,23
97,Shadi Pur,21,21,21,19,19,19,18,16,18,18,18,19,19,21,21,21,22,22,22,23,23,23,25,25,25,25,21,21,21,22,22,22,23,23,21,21,21,19,19,18,18,18,16,16,15,15,15,15,15,15,16,16,18,18,18,19,19,21,21,22,22,23,23,25,25,27,27,27,28,21,21,19,19,19,18,18,23,22,22,21,21,21,19,19,19,18,16,16,16,15,15,15,12,12,10,10,8,8,8,8,10,10,12,12,15,15,15,16,16,18,18,18,19,19,21,21,21,22,22,23,15,16,18,18,19,19,19,21,21,21,22,22,22,23,23,25
98,Kirti Nagar,22,21,21,21,19,19,18,16,18,18,18,19,19,21,21,22,22,22,23,23,23,25,25,25,25,27,21,21,22,22,22,23,23,23,22,21,21,19,19,19,18,18,16,16,16,16,15,15,15,16,16,16,18,18,19,19,19,21,21,22,22,23,23,25,27,27,27,28,28,22,21,21,19,19,19,18,23,23,22,22,21,21,21,19,19,18,18,16,16,16,15,15,15,12,12,10,10,8,8,8,10,10,12,12,15,15,15,16,16,16,18,18,19,19,19,21,21,21,22,22,16,18,18,18,19,19,21,21,21,21,22,22,23,23,25,25
99,Moti Nagar ,22,22,21,21,19,19,19,18,18,18,19,19,21,21,22,22,22,23,23,23,25,25,25,25,27,27,21,21,22,22,23,23,23,25,22,22,21,21,19,19,19,18,18,16,16,16,16,15,16,16,16,18,18,19,19,19,21,21,22,22,23,23,25,25,27,27,27,28,28,22,21,21,21,19,19,19,23,23,22,22,22,21,21,21,19,19,18,16,16,16,16,15,15,15,12,12,10,8,8,8,8,10,10,12,12,15,15,15,16,16,16,18,18,19,19,19,21,21,21,22,16,18,18,19,19,19,21,21,22,22,22,23,23,23,25,25
100,Ramesh Nagar,22,22,22,21,21,21,19,18,19,19,19,21,21,22,22,22,23,23,23,25,25,25,25,27,27,27,22,22,22,23,23,23,25,25,22,22,22,21,21,19,19,19,18,18,16,16,16,16,16,16,18,18,19,19,19,21,21,22,22,23,23,25,25,27,27,27,28,28,29,22,22,21,21,21,19,19,25,23,23,22,22,22,21,21,21,19,18,18,18,16,16,16,15,15,15,12,12,10,10,8,8,8,10,10,10,12,12,15,15,16,16,16,18,18,19,19,19,21,21,22,16,18,19,19,21,21,21,22,22,22,23,23,23,25,25,27
101,Rajouri Garden,23,22,22,22,21,21,19,18,19,19,19,21,21,22,22,23,23,23,25,25,25,25,27,27,27,27,22,22,23,23,23,25,25,25,23,22,22,21,21,21,19,19,18,18,18,18,16,16,16,18,18,18,19,19,21,21,21,22,22,23,23,25,25,27,27,28,28,28,29,23,22,22,21,21,21,19,25,25,23,23,22,22,22,21,21,19,19,18,18,18,16,16,16,15,15,15,12,10,10,10,8,8,8,10,10,10,12,15,15,15,16,16,18,18,18,19,19,19,21,21,18,19,19,19,21,21,22,22,22,23,23,23,25,25,25,27
102,Tagore Garden,23,23,22,22,22,21,21,19,19,21,21,21,22,22,23,23,25,25,25,25,25,27,27,27,27,28,22,22,23,23,25,25,25,25,23,23,22,22,21,21,21,19,19,18,18,18,18,16,18,18,18,19,19,21,21,21,22,22,23,23,25,25,25,27,28,28,28,29,29,23,22,22,22,21,21,21,25,25,25,23,23,22,22,22,21,21,19,19,18,18,18,16,16,16,15,15,15,12,12,10,10,8,8,8,8,10,10,12,15,15,15,16,16,18,18,18,19,19,19,21,18,19,19,21,21,22,22,22,23,23,23,25,25,25,27,27
103,Subash Nagar,23,23,23,22,22,21,21,19,21,21,21,22,22,23,23,23,25,25,25,25,27,27,27,27,28,28,23,23,23,25,25,25,25,27,23,23,22,22,22,21,21,21,19,19,18,18,18,18,18,18,19,19,21,21,21,22,22,23,23,25,25,25,27,27,28,28,29,29,29,23,23,22,22,22,21,21,25,25,25,23,23,23,22,22,22,21,19,19,19,18,18,18,16,16,16,15,15,12,12,12,10,10,8,8,8,8,10,12,12,15,15,15,16,16,18,18,18,19,19,21,18,19,21,21,22,22,22,23,23,23,25,25,25,25,27,27
104,Tilak Nagar,25,23,23,23,22,22,21,19,21,21,21,22,22,23,23,25,25,25,25,27,27,27,27,28,28,28,23,23,25,25,25,25,27,27,25,23,23,22,22,22,21,21,19,19,19,19,18,18,18,19,19,19,21,21,22,22,22,23,23,25,25,27,27,28,28,28,29,29,29,25,23,23,22,22,22,21,27,25,25,25,23,23,23,22,22,21,21,19,19,19,18,18,18,16,16,16,15,15,15,12,10,10,8,8,8,8,8,10,12,12,15,15,16,16,16,18,18,18,19,19,19,21,21,21,22,22,23,23,23,23,25,25,25,27,27,28
105,Janak Puri East,25,25,23,23,23,22,22,21,21,22,22,22,23,23,25,25,25,25,27,27,27,27,28,28,28,28,23,23,25,25,25,27,27,27,25,25,23,23,22,22,22,21,21,19,19,19,19,18,19,19,19,21,21,22,22,22,23,23,25,25,25,27,27,28,28,29,29,29,30,25,23,23,23,22,22,22,27,27,25,25,25,23,23,23,22,22,21,21,19,19,19,18,18,18,16,16,16,15,15,15,12,10,10,8,8,8,8,10,10,12,12,15,15,16,16,16,18,18,18,19,19,21,21,22,22,22,23,23,25,25,25,25,27,27,27,28
106,Janak Puri West,25,25,25,23,23,22,22,21,22,22,22,23,23,25,25,25,25,27,27,27,27,28,28,28,28,29,23,25,25,25,27,27,27,27,25,25,23,23,23,22,22,21,21,21,19,19,19,19,19,19,21,21,21,22,22,23,23,25,25,25,27,27,27,28,29,29,29,29,30,25,25,23,23,23,22,22,27,27,25,25,25,25,23,23,23,22,21,21,21,19,19,19,18,18,18,16,16,15,15,15,12,12,10,10,8,8,8,8,10,10,12,12,15,15,16,16,16,18,18,19,19,21,22,22,23,23,23,25,25,25,25,27,27,27,28,28
107,Uttam Nagar East,25,25,25,25,23,23,22,22,22,22,23,23,25,25,25,27,27,27,27,27,28,28,28,28,29,29,25,25,25,27,27,27,27,28,27,25,25,23,23,23,22,22,22,21,21,21,21,19,21,21,21,22,22,22,23,23,25,25,25,27,27,27,28,28,29,29,29,30,30,25,25,25,23,23,23,22,27,27,27,27,25,25,25,23,23,22,22,21,21,21,19,19,19,18,18,18,16,16,16,15,15,15,12,12,10,10,8,8,8,10,10,12,15,15,15,15,16,16,18,18,21,22,22,22,23,23,25,25,25,25,27,27,27,28,28,28
108,Uttam Nagar West,27,25,25,25,25,23,23,22,22,23,23,23,25,25,25,27,27,27,27,28,28,28,28,29,29,29,25,25,27,27,27,27,28,28,27,25,25,25,23,23,23,22,22,22,21,21,21,19,21,21,21,22,22,23,23,23,25,25,25,27,27,28,28,29,29,29,30,30,30,27,25,25,25,23,23,23,28,27,27,27,25,25,25,25,23,23,22,22,21,21,21,19,19,19,18,18,18,16,16,16,15,15,15,12,12,10,10,8,8,8,10,10,12,15,15,15,15,16,16,18,21,22,23,23,23,25,25,25,25,27,27,27,27,28,28,29
109,Nawada,27,27,25,25,25,25,23,22,23,23,23,25,25,25,27,27,27,27,28,28,28,28,29,29,29,29,25,27,27,27,27,28,28,28,27,27,25,25,25,23,23,23,22,22,21,21,21,21,21,22,22,22,23,23,23,25,25,25,27,27,28,28,28,29,29,30,30,30,30,27,25,25,25,25,23,23,28,28,27,27,27,25,25,25,25,23,23,22,22,21,21,21,19,19,19,18,18,18,16,16,16,15,15,15,12,12,10,10,8,8,8,10,12,12,12,15,15,15,16,16,22,22,23,23,25,25,25,25,27,27,27,27,28,28,29,29
110,Dwaraka Mor,27,27,27,25,25,25,23,23,23,23,25,25,25,27,27,27,28,28,28,28,29,29,29,29,29,30,27,27,27,28,28,28,28,29,27,27,27,25,25,25,23,23,23,22,22,22,22,21,22,22,22,23,23,23,25,25,25,27,27,27,28,28,29,29,30,30,30,30,30,27,27,27,25,25,25,23,28,28,28,27,27,27,25,25,25,23,23,22,22,22,21,21,21,19,19,19,18,18,18,16,16,16,15,15,15,12,12,10,10,8,8,8,10,10,12,12,15,15,15,16,22,23,23,25,25,25,25,27,27,27,27,28,28,28,29,29
111,Dwarka,28,27,27,27,25,25,25,23,23,25,25,25,27,27,27,28,28,28,28,29,29,29,29,29,30,30,27,27,28,28,28,28,29,29,28,27,27,27,25,25,25,23,23,23,22,22,22,22,22,22,23,23,23,25,25,25,27,27,27,28,28,29,29,29,30,30,30,30,30,27,27,27,27,25,25,25,29,28,28,28,27,27,27,27,25,25,23,23,23,22,22,22,21,21,21,19,19,18,18,18,16,16,16,15,15,15,12,12,10,10,8,8,8,10,10,12,12,15,15,16,22,23,25,25,25,25,27,27,27,27,28,28,28,29,29,29
112,Dwarka Sector - 14,28,28,27,27,27,27,25,25,25,25,25,27,27,27,28,28,28,28,29,29,29,29,29,30,30,30,27,28,28,28,28,29,29,29,28,28,27,27,27,25,25,25,25,23,23,23,23,22,23,23,23,25,25,25,25,27,27,27,28,28,29,29,29,30,30,30,30,30,30,28,27,27,27,27,25,25,29,29,28,28,28,28,27,27,27,25,25,23,23,23,22,22,22,21,21,21,19,19,19,18,18,18,16,16,16,15,15,15,12,12,10,8,8,8,8,10,10,12,12,15,23,25,25,25,27,27,27,27,28,28,28,28,29,29,29,30
113,Dwarka Sector - 13,28,28,28,27,27,27,25,25,25,25,27,27,27,28,28,28,29,29,29,29,29,29,30,30,30,30,28,28,28,28,29,29,29,29,28,28,28,27,27,27,25,25,25,25,23,23,23,22,23,23,23,25,25,25,27,27,27,28,28,28,29,29,29,30,30,30,30,30,30,28,28,27,27,27,27,25,29,29,29,28,28,28,27,27,27,25,25,25,23,23,23,22,22,22,21,21,21,19,19,19,18,18,18,16,16,16,15,15,15,12,10,10,8,8,8,8,10,12,12,15,23,25,25,25,27,27,27,28,28,28,28,29,29,29,30,30
114,Dwarka Sector - 12,28,28,28,28,27,27,27,25,25,27,27,27,28,28,28,29,29,29,29,29,29,30,30,30,30,30,28,28,28,29,29,29,29,29,28,28,28,27,27,27,27,25,25,25,23,23,23,23,23,23,25,25,25,27,27,27,27,28,28,29,29,29,29,30,30,30,30,30,30,28,28,28,27,27,27,27,29,29,29,28,28,28,28,27,27,27,25,25,25,23,23,23,22,22,22,21,21,21,19,19,19,18,18,18,16,16,16,15,15,12,12,10,8,8,8,8,10,10,12,12,23,25,25,27,27,27,28,28,28,28,29,29,29,29,30,30
115,Dwarka Sector - 11,29,28,28,28,28,27,27,25,27,27,27,27,28,28,28,29,29,29,29,29,30,30,30,30,30,30,28,28,29,29,29,29,29,30,29,28,28,28,27,27,27,27,25,25,25,25,25,23,25,25,25,25,27,27,27,27,28,28,28,29,29,29,30,30,30,30,30,30,30,29,28,28,28,27,27,27,29,29,29,29,28,28,28,28,27,27,27,25,25,25,23,23,23,22,22,22,21,21,21,19,19,19,18,18,18,16,16,15,15,15,12,12,10,8,8,8,8,10,10,12,25,25,27,27,27,28,28,28,28,29,29,29,29,30,30,30
116,Dwarka Sector - 10,29,29,28,28,28,28,27,27,27,27,27,28,28,28,29,29,29,29,29,30,30,30,30,30,30,30,28,29,29,29,29,29,30,30,29,29,28,28,28,27,27,27,27,25,25,25,25,23,25,25,25,25,27,27,27,28,28,28,29,29,29,30,30,30,30,30,30,30,30,29,28,28,28,28,27,27,30,29,29,29,29,28,28,28,28,27,27,25,25,25,25,23,23,23,22,22,22,21,21,21,19,19,19,18,18,18,16,16,15,15,15,12,10,10,10,8,8,8,10,10,25,27,27,27,28,28,28,28,29,29,29,29,29,30,30,30
117,Dwarka Sector - 9,29,29,29,28,28,28,27,27,27,27,28,28,28,29,29,29,29,29,30,30,30,30,30,30,30,30,29,29,29,29,29,30,30,30,29,29,29,28,28,28,27,27,27,27,25,25,25,25,25,25,25,27,27,27,28,28,28,29,29,29,30,30,30,30,30,30,30,30,30,29,29,28,28,28,28,27,30,30,29,29,29,29,28,28,28,27,27,27,25,25,25,25,23,23,23,22,22,22,21,21,21,19,19,19,18,18,18,16,16,15,15,15,12,12,10,10,8,8,8,10,25,27,27,28,28,28,28,29,29,29,29,29,30,30,30,30
118,Dwarka Sector - 8,29,29,29,29,28,28,28,27,27,28,28,28,29,29,29,29,30,30,30,30,30,30,30,30,30,30,29,29,29,29,30,30,30,30,29,29,29,28,28,28,28,27,27,27,25,25,25,25,25,27,27,27,27,28,28,28,29,29,29,29,30,30,30,30,30,30,30,30,30,29,29,29,28,28,28,28,30,30,30,29,29,29,29,28,28,28,27,27,27,25,25,25,25,23,23,23,22,22,22,21,21,21,19,19,19,18,18,18,16,16,15,15,12,12,12,10,10,8,8,8,27,27,28,28,28,28,29,29,29,29,29,30,30,30,30,30
119,Dwarka Sector -21,30,29,29,29,29,29,28,28,28,28,28,29,29,29,29,30,30,30,30,30,30,30,30,30,30,30,29,29,30,30,30,30,30,30,30,29,29,29,29,28,28,28,28,27,27,27,27,25,27,27,27,27,28,28,28,29,29,29,29,30,30,30,30,30,30,30,30,30,30,30,29,29,29,29,28,28,30,30,30,30,29,29,29,29,29,28,28,27,27,27,27,25,25,25,25,23,23,23,22,22,22,21,21,21,19,19,19,18,18,16,16,16,15,15,12,12,10,10,8,8,27,28,28,28,29,29,29,29,29,30,30,30,30,30,30,30
120,Central Secretariat,19,18,18,18,16,16,15,15,15,15,16,16,18,18,18,19,19,19,21,21,22,22,22,22,23,23,18,18,19,19,19,21,21,22,19,18,18,16,16,16,15,15,15,12,10,10,10,10,8,8,8,8,10,12,12,15,15,16,16,18,18,19,19,21,22,22,23,23,25,19,18,18,16,16,16,15,21,21,19,19,18,18,18,16,16,15,15,12,12,10,10,10,10,12,12,15,15,15,16,16,16,18,18,18,19,19,19,21,21,22,22,22,23,23,23,25,25,25,27,27,8,10,12,12,15,15,15,16,16,16,18,18,18,19,21,21
121,Khan Market,21,19,19,19,18,18,16,15,16,16,16,18,18,19,19,21,21,21,22,22,22,23,23,23,25,25,19,19,21,21,21,22,22,22,21,19,19,18,18,18,16,16,15,15,15,15,12,12,10,10,10,12,12,15,15,15,16,18,18,19,19,21,21,22,23,23,23,25,25,19,19,19,18,18,18,16,22,22,21,21,19,19,19,18,18,16,16,15,15,15,12,12,12,15,15,15,16,16,18,18,18,19,19,19,21,21,21,22,22,22,23,23,25,25,25,25,27,27,27,28,10,8,8,10,12,12,15,15,15,15,16,16,18,18,19,19
122,JLN,21,21,19,19,19,18,18,16,16,18,18,19,19,19,21,21,22,22,22,23,23,23,23,25,25,25,19,21,21,21,22,22,23,23,21,21,19,19,18,18,18,16,16,16,15,15,15,15,12,12,12,15,15,15,16,16,18,18,18,19,21,21,22,22,23,25,25,25,27,21,19,19,19,18,18,18,23,22,22,21,21,21,19,19,18,18,16,16,15,15,15,15,15,15,16,16,16,18,18,18,19,19,19,21,21,21,22,22,23,23,23,25,25,25,25,27,27,27,28,28,12,8,8,8,10,10,12,12,15,15,15,16,16,18,18,19
123,Jangpura,21,21,21,19,19,19,18,16,18,18,18,19,19,21,21,22,22,22,22,23,23,23,25,25,25,25,21,21,21,22,22,22,23,23,22,21,21,19,19,18,18,18,16,16,15,15,15,15,12,12,12,15,15,16,16,16,18,18,19,19,21,21,22,23,25,25,25,25,27,21,21,19,19,19,18,18,23,22,22,22,21,21,19,19,19,18,18,16,16,15,15,15,15,16,16,16,18,18,18,19,19,19,21,21,21,22,22,22,23,23,25,25,25,25,27,27,27,28,28,28,12,10,8,8,8,10,10,12,12,15,15,15,16,16,18,18
124,Lajpat Nagar,22,22,21,21,19,19,19,18,18,18,19,19,21,21,22,22,22,23,23,23,25,25,25,25,27,27,21,21,22,22,23,23,23,25,22,22,21,21,19,19,18,18,18,16,16,16,16,15,15,15,15,15,16,16,16,18,18,19,19,21,21,22,22,23,25,25,25,27,27,22,21,21,21,19,19,19,23,23,22,22,22,21,21,21,19,19,18,16,16,16,16,15,16,16,16,18,18,19,19,19,21,21,21,22,22,22,23,23,23,25,25,25,27,27,27,27,28,28,28,29,15,12,10,8,8,8,10,10,12,12,15,15,15,16,16,18
125,Moolchand,22,22,21,21,21,19,19,18,18,19,19,21,21,22,22,22,23,23,23,25,25,25,25,25,27,27,21,22,22,23,23,23,25,25,22,22,21,21,19,19,19,18,18,18,16,16,16,16,15,15,15,16,16,16,18,18,19,19,21,21,22,22,23,23,25,25,27,27,27,22,22,21,21,19,19,19,25,23,23,22,22,22,21,21,19,19,18,18,16,16,16,16,16,16,18,18,18,19,19,19,21,21,22,22,22,22,23,23,25,25,25,25,27,27,27,28,28,28,28,29,15,12,10,10,8,8,8,10,10,12,12,15,15,15,16,18
126,Kailash Colony,23,22,22,22,21,21,19,18,19,19,19,21,21,22,22,23,23,23,25,25,25,25,27,27,27,27,22,22,23,23,23,25,25,25,23,22,22,21,21,21,19,19,18,18,18,18,16,16,16,15,16,16,16,18,18,18,19,21,21,22,22,23,23,25,25,27,27,27,28,23,22,22,21,21,21,19,25,25,23,23,22,22,22,21,21,19,19,18,18,18,16,16,16,18,18,19,19,19,21,21,21,22,22,22,23,23,23,25,25,25,25,27,27,27,28,28,28,28,29,29,15,15,12,10,10,8,8,8,8,10,12,12,15,15,16,16
127,Nehru Place,23,23,22,22,22,21,21,19,19,21,21,21,22,22,23,23,23,25,25,25,25,27,27,27,27,28,22,22,23,23,25,25,25,25,23,23,22,22,21,21,21,19,19,18,18,18,18,16,16,16,16,16,18,18,19,19,19,21,21,22,22,23,23,25,27,27,27,28,28,23,22,22,22,21,21,21,25,25,23,23,23,22,22,22,21,21,19,19,18,18,18,16,18,18,19,19,19,21,21,21,22,22,22,23,23,23,25,25,25,25,27,27,27,28,28,28,28,29,29,29,16,15,12,12,10,10,8,8,8,8,10,12,12,15,15,16
128,Kalkaji Mandir,23,23,23,22,22,21,21,19,19,21,21,22,22,23,23,23,25,25,25,25,27,27,27,27,28,28,22,23,23,25,25,25,25,27,23,23,22,22,22,21,21,19,19,19,18,18,18,18,16,16,16,18,18,19,19,19,21,21,22,22,23,23,25,25,27,27,27,28,28,23,23,22,22,22,21,21,25,25,25,23,23,23,22,22,22,21,19,19,19,18,18,18,18,18,19,19,19,21,21,22,22,22,23,23,23,25,25,25,25,27,27,27,28,28,28,28,29,29,29,29,16,15,15,12,12,10,8,8,8,8,10,10,12,12,15,15
129,Govindpuri,25,23,23,22,22,22,21,19,21,21,21,22,22,23,23,25,25,25,25,27,27,27,27,27,28,28,23,23,23,25,25,25,27,27,25,23,23,22,22,22,21,21,19,19,19,19,18,18,18,16,16,18,18,19,19,19,21,22,22,22,23,23,25,25,27,27,28,28,28,23,23,23,22,22,21,21,27,25,25,25,23,23,23,22,22,21,21,19,19,18,18,18,18,19,19,19,21,21,21,22,22,23,23,23,23,25,25,25,27,27,27,27,28,28,28,29,29,29,29,30,16,15,15,15,12,12,10,8,8,8,8,10,10,12,15,15
130,Okhla,25,25,23,23,23,22,22,21,21,22,22,22,23,23,25,25,25,25,27,27,27,27,28,28,28,28,23,23,25,25,25,27,27,27,25,25,23,23,22,22,22,21,21,19,19,19,19,18,18,18,18,18,19,19,21,21,21,22,22,23,23,25,25,27,27,28,28,28,29,25,23,23,23,22,22,22,27,27,25,25,25,23,23,23,22,22,21,21,19,19,19,18,19,19,21,21,21,22,22,22,23,23,23,25,25,25,25,27,27,27,27,28,28,28,29,29,29,29,29,30,18,16,15,15,15,12,12,10,10,8,8,8,10,10,12,15
131,Jasola,25,25,25,23,23,23,22,21,22,22,22,23,23,25,25,25,27,27,27,27,27,28,28,28,28,29,25,25,25,25,27,27,27,27,25,25,25,23,23,22,22,22,21,21,19,19,19,19,18,18,18,19,19,21,21,21,22,22,23,23,25,25,25,27,28,28,28,29,29,25,25,23,23,23,22,22,27,27,27,25,25,25,23,23,23,22,22,21,21,19,19,19,19,21,21,21,22,22,22,23,23,23,25,25,25,25,27,27,27,27,28,28,28,29,29,29,29,29,30,30,18,16,16,15,15,15,12,12,10,10,8,8,8,10,12,12
132,Sarita Vihar,25,25,25,25,23,23,22,22,22,22,23,23,25,25,25,27,27,27,27,27,28,28,28,28,29,29,25,25,25,27,27,27,27,28,27,25,25,23,23,23,22,22,22,21,21,21,21,19,19,18,19,19,21,21,21,22,22,23,23,25,25,25,27,27,28,28,29,29,29,25,25,25,23,23,23,22,27,27,27,27,25,25,25,23,23,22,22,21,21,21,19,19,21,21,21,22,22,22,23,23,23,25,25,25,25,27,27,27,27,28,28,28,29,29,29,29,29,30,30,30,18,18,16,16,15,15,15,12,12,10,10,8,8,8,10,12
133,Mohan Cooperative,27,27,25,25,25,23,23,22,22,23,23,25,25,25,25,27,27,27,28,28,28,28,28,29,29,29,25,25,27,27,27,27,28,28,27,25,25,25,23,23,23,22,22,22,21,21,21,21,19,19,19,21,21,21,22,22,23,23,23,25,25,27,27,28,28,29,29,29,29,27,25,25,25,23,23,23,28,27,27,27,27,25,25,25,23,23,22,22,21,21,21,21,21,21,22,22,22,23,23,23,25,25,25,25,27,27,27,28,28,28,28,29,29,29,29,30,30,30,30,30,19,18,18,16,16,15,15,15,12,12,10,10,8,8,10,10
134,Tughlakabad,27,27,27,25,25,25,23,23,23,23,25,25,25,27,27,27,28,28,28,28,29,29,29,29,29,30,27,27,27,28,28,28,28,29,27,27,27,25,25,25,23,23,23,22,22,22,22,21,21,21,21,21,22,22,22,23,23,25,25,25,27,27,28,28,29,29,29,29,30,27,27,27,25,25,25,23,28,28,28,27,27,27,27,25,25,23,23,22,22,22,21,21,22,22,22,23,23,23,25,25,25,25,27,27,27,27,28,28,28,29,29,29,29,30,30,30,30,30,30,30,21,19,18,18,16,16,16,15,15,15,12,12,10,10,8,8
135,Badarpur,28,27,27,27,25,25,25,23,23,25,25,25,27,27,27,28,28,28,28,29,29,29,29,29,30,30,27,27,27,28,28,28,29,29,28,27,27,27,25,25,25,23,23,23,22,22,22,22,21,21,21,22,22,22,23,23,25,25,25,27,27,27,28,29,29,29,29,30,30,27,27,27,27,25,25,25,29,28,28,28,27,27,27,27,25,25,23,23,22,22,22,22,22,22,23,23,23,25,25,25,27,27,27,27,28,28,28,28,29,29,29,29,30,30,30,30,30,30,30,30,21,19,19,18,18,18,16,16,15,15,15,12,12,10,8,8
,,,,,,,,,,,,,,,,,,,,,,,,,,,,,,,,,,,,,,,,,,,,,,,,,,,,,,,,,,,,,,,,,,,,,,,,,,,,,,,,,,,,,,,,,,,,,,,,,,,,,,,,,,,,,,,,,,,,,,,,,,,,,,,,,,,,,,,,,
